<PE_PROJECT_SETTINGS_DOCUMENTATION>
  <PE_product_version v="version 3.00 for Freescale HCS12(X) family"/>
  <PE_core_version v="Processor Expert Version 0412"/>

  <CPU_Bean name="Cpu" type="MC9S12XS256_112">
    <Enabled v="N"/>

    <Properties>
      <Bean_name v="Cpu"/>
      <CPU_type v="MC9S12XS256CAL"/>
      <list name="Shared clock settings - XDP512" v="1">
        <group name="Clock settings">
          <group name="Input clock">
            <Clock_type v="External clock source"/>
            <Clock_frequency__MHz_ v="16"/>
            <group name="Clock input pin">
              <Pin v=""/>
              <Pin_signal v=""/>
            </group>
            <group name="Clock output pin">
              <Pin v=""/>
              <Pin_signal v=""/>
            </group>
          </group>
          <group name="Output clock">
            <boolgroup name="External clock" v="Enabled">
              <ECLK_pin v=""/>
              <ECLK_pin_signal v=""/>
            </boolgroup>
          </group>
          <group name="Low-power modes settings">
            <Pseudo_stop v="no"/>
            <PLL_stops_in_wait_mode v="no"/>
          </group>
          <Clock_monitor v="Enter Self clock mode"/>
        </group>
      </list>
      <list name="Shared interrupts settings - XDP512" v="1">
        <group name="Interrupts initialization">
          <Initialization_priority v="minimal priority"/>
        </group>
      </list>
      <list name="Shared internal resource mapping - XDP512" v="1">
        <group name="Internal resource mapping">
          <Direct_page_mapping v="0"/>
          <group name="Interrupt/Reset vector table">
            <group name="Reset vector table">
              <Address v="65530"/>
              <Size v="6"/>
            </group>
            <group name="Interrupt vector table">
              <Address v="65296"/>
              <Size v="234"/>
              <Init_IVBR_register v="yes"/>
            </group>
          </group>
        </group>
      </list>
      <list name="Shared external bus and user mode - XDP512" v="1">
        <group name="External bus and user mode">
          <Boot_operating_mode v="Special single-chip"/>
          <boolgroup name="Operating mode switching" v="no" />
          <enumgroup name="Operating mode settings" v="Special single-chip">
          </enumgroup>
        </group>
      </list>
      <group name="Internal peripherals">
        <list name="Shared BDM Module Settings" v="1">
          <group name="BDM Debug support">
            <Stop_COP_and_RTI_in_Active_BDM_mode v="no"/>
          </group>
        </list>
        <list name="Internal Peripherals IO" v="1">
          <group name="I/O module">
            <list name="Shared Unused I/O" v="1">
              <enumgroup name="Initialize unused I/O pins" v="no initialization">
              </enumgroup>
            </list>
            <group name="PORT A">
              <Reduced_drive_for_all_port_A v="no"/>
            </group>
            <group name="PORT AD0H">
              <Reduced_drive_for_PAD08 v="no"/>
              <Reduced_drive_for_PAD09 v="no"/>
              <Reduced_drive_for_PAD10 v="no"/>
              <Reduced_drive_for_PAD11 v="no"/>
              <Reduced_drive_for_PAD12 v="no"/>
              <Reduced_drive_for_PAD13 v="no"/>
              <Reduced_drive_for_PAD14 v="no"/>
              <Reduced_drive_for_PAD15 v="no"/>
            </group>
            <group name="PORT AD0L">
              <Reduced_drive_for_PAD00 v="no"/>
              <Reduced_drive_for_PAD01 v="no"/>
              <Reduced_drive_for_PAD02 v="no"/>
              <Reduced_drive_for_PAD03 v="no"/>
              <Reduced_drive_for_PAD04 v="no"/>
              <Reduced_drive_for_PAD05 v="no"/>
              <Reduced_drive_for_PAD06 v="no"/>
              <Reduced_drive_for_PAD07 v="no"/>
            </group>
            <group name="PORT B">
              <Reduced_drive_for_all_port_B v="no"/>
            </group>
            <group name="PORT E">
              <Reduced_drive_for_all_port_E v="no"/>
            </group>
            <group name="PORT H">
              <Reduced_drive_for_PH0 v="no"/>
              <Reduced_drive_for_PH1 v="no"/>
              <Reduced_drive_for_PH2 v="no"/>
              <Reduced_drive_for_PH3 v="no"/>
              <Reduced_drive_for_PH4 v="no"/>
              <Reduced_drive_for_PH5 v="no"/>
              <Reduced_drive_for_PH6 v="no"/>
              <Reduced_drive_for_PH7 v="no"/>
            </group>
            <group name="PORT J">
              <Reduced_drive_for_PJ0 v="no"/>
              <Reduced_drive_for_PJ1 v="no"/>
              <Reduced_drive_for_PJ6 v="no"/>
              <Reduced_drive_for_PJ7 v="no"/>
            </group>
            <group name="PORT K">
              <Reduced_drive_for_all_port_K v="no"/>
            </group>
            <group name="PORT M">
              <Reduced_drive_for_PM0 v="no"/>
              <Reduced_drive_for_PM1 v="no"/>
              <Reduced_drive_for_PM2 v="no"/>
              <Reduced_drive_for_PM3 v="no"/>
              <Reduced_drive_for_PM4 v="no"/>
              <Reduced_drive_for_PM5 v="no"/>
              <Reduced_drive_for_PM6 v="no"/>
              <Reduced_drive_for_PM7 v="no"/>
            </group>
            <group name="PORT P">
              <Reduced_drive_for_PP0 v="no"/>
              <Reduced_drive_for_PP1 v="no"/>
              <Reduced_drive_for_PP2 v="no"/>
              <Reduced_drive_for_PP3 v="no"/>
              <Reduced_drive_for_PP4 v="no"/>
              <Reduced_drive_for_PP5 v="no"/>
              <Reduced_drive_for_PP6 v="no"/>
              <Reduced_drive_for_PP7 v="no"/>
            </group>
            <group name="PORT S">
              <Reduced_drive_for_PS0 v="no"/>
              <Reduced_drive_for_PS1 v="no"/>
              <Reduced_drive_for_PS2 v="no"/>
              <Reduced_drive_for_PS3 v="no"/>
              <Reduced_drive_for_PS4 v="no"/>
              <Reduced_drive_for_PS5 v="no"/>
              <Reduced_drive_for_PS6 v="no"/>
              <Reduced_drive_for_PS7 v="no"/>
            </group>
            <group name="PORT T">
              <Reduced_drive_for_PT0 v="no"/>
              <Reduced_drive_for_PT1 v="no"/>
              <Reduced_drive_for_PT2 v="no"/>
              <Reduced_drive_for_PT3 v="no"/>
              <Reduced_drive_for_PT4 v="no"/>
              <Reduced_drive_for_PT5 v="no"/>
              <Reduced_drive_for_PT6 v="no"/>
              <Reduced_drive_for_PT7 v="no"/>
            </group>
          </group>
        </list>
        <list name="Shared PIT Module Settings" v="1">
        </list>
        <list name="Shared PWM Module Settings" v="1">
        </list>
        <list name="Shared TIM module settings" v="1">
        </list>
        <list name="Shared VREG module settings" v="1">
          <group name="Voltage Regulator">
            <Voltage_Access v="Temperature sense"/>
          </group>
        </list>
      </group>
      <list name="Shared CPU interrupts - XDP512" v="1">
        <group name="CPU interrupts/resets">
        </group>
      </list>
      <list name="Shared speed modes settings" v="1">
        <group name="Enabled speed modes">
          <boolgroup name="High speed mode" v="Enabled">
            <Internal_bus_clock v="8"/>
            <boolgroup name="PLL clock" v="Disabled" />
          </boolgroup>
          <boolgroup name="Low speed mode" v="Disabled" />
          <boolgroup name="Slow speed mode" v="Disabled" />
        </group>
      </list>
    </Properties>

    <Methods>
      <list name="SharedCpuMethods" v="1">
        <SetHighSpeed v="don&apos;t generate code"/>
        <SetLowSpeed v="don&apos;t generate code"/>
        <SetSlowSpeed v="don&apos;t generate code"/>
        <GetSpeedMode v="don&apos;t generate code"/>
        <EnableInt v="generate code"/>
        <DisableInt v="generate code"/>
        <SetWaitMode v="generate code"/>
        <SetStopMode v="generate code"/>
        <Delay100US v="don&apos;t generate code"/>
        <GetPllLockStatusFlag v="don&apos;t generate code"/>
        <GetResetSource v="don&apos;t generate code"/>
      </list>
    </Methods>

    <Events>
      <Event_module_name v="Events"/>
      <list name="SharedCpuEvents" v="1">
        <event name="OnReset" v="don&apos;t generate code" />
      </list>
    </Events>
    <Compiler v="CodeWarrior HC12X C Compiler"/>

    <CompilerProperties>
      <Compiler v="CodeWarrior HCS12X C Compiler"/>
      <enumgroup name="Unhandled interrupts" v="One handler for all">
        <Interrupt_priority v="Don&apos;t initialize"/>
        <Unhandled_int_code>
asm(BGND);
        </Unhandled_int_code>
      </enumgroup>
      <Generate_macros v="yes"/>
      <group name="User initialization">
        <User_data_declarations>
        </User_data_declarations>
        <User_code_before_PE_initialization>
        </User_code_before_PE_initialization>
        <User_code_after_PE_initialization>
        </User_code_after_PE_initialization>
      </group>
      <Memory_model v="Banked"/>
      <boolgroup name="Generate PRM file" v="yes">
        <enumgroup name="Stack specification" v="size">
          <Stack_size v="128"/>
        </enumgroup>
        <group name="Memory segments">
          <Set_default_memory_segments v="Click to set default &gt;"/>
          <list name="ROM/RAM segments" v="17">
            <boolgroup name="Segment0" v="Enabled">
              <Name v="RAM"/>
              <Qualifier v="READ_WRITE"/>
              <Address v="8192"/>
              <Size v="8192"/>
              <boolgroup name="Relocation" v="Disabled" />
              <boolgroup name="Align" v="Disabled" />
              <boolgroup name="Fill pattern" v="Disabled" />
              <Code_overlapping v="overlapping not specified"/>
              <Const_data_overlapping v="overlapping not specified"/>
            </boolgroup>
            <boolgroup name="Segment1" v="Disabled" />
            <boolgroup name="Segment2" v="Enabled">
              <Name v="ROM_C000"/>
              <Qualifier v="READ_ONLY"/>
              <Address v="49152"/>
              <Size v="16128"/>
              <boolgroup name="Relocation" v="Disabled" />
              <boolgroup name="Align" v="Disabled" />
              <boolgroup name="Fill pattern" v="Disabled" />
              <Code_overlapping v="overlapping not specified"/>
              <Const_data_overlapping v="overlapping not specified"/>
            </boolgroup>
            <boolgroup name="Segment3" v="Enabled">
              <Name v="PAGE_F0"/>
              <Qualifier v="READ_ONLY"/>
              <Address v="8126464"/>
              <Size v="16384"/>
              <boolgroup name="Relocation" v="Disabled" />
              <boolgroup name="Align" v="Disabled" />
              <boolgroup name="Fill pattern" v="Disabled" />
              <Code_overlapping v="overlapping not specified"/>
              <Const_data_overlapping v="overlapping not specified"/>
            </boolgroup>
            <boolgroup name="Segment4" v="Enabled">
              <Name v="PAGE_F1"/>
              <Qualifier v="READ_ONLY"/>
              <Address v="8142848"/>
              <Size v="16384"/>
              <boolgroup name="Relocation" v="Disabled" />
              <boolgroup name="Align" v="Disabled" />
              <boolgroup name="Fill pattern" v="Disabled" />
              <Code_overlapping v="overlapping not specified"/>
              <Const_data_overlapping v="overlapping not specified"/>
            </boolgroup>
            <boolgroup name="Segment5" v="Enabled">
              <Name v="PAGE_F2"/>
              <Qualifier v="READ_ONLY"/>
              <Address v="8159232"/>
              <Size v="16384"/>
              <boolgroup name="Relocation" v="Disabled" />
              <boolgroup name="Align" v="Disabled" />
              <boolgroup name="Fill pattern" v="Disabled" />
              <Code_overlapping v="overlapping not specified"/>
              <Const_data_overlapping v="overlapping not specified"/>
            </boolgroup>
            <boolgroup name="Segment6" v="Enabled">
              <Name v="PAGE_F3"/>
              <Qualifier v="READ_ONLY"/>
              <Address v="8175616"/>
              <Size v="16384"/>
              <boolgroup name="Relocation" v="Disabled" />
              <boolgroup name="Align" v="Disabled" />
              <boolgroup name="Fill pattern" v="Disabled" />
              <Code_overlapping v="overlapping not specified"/>
              <Const_data_overlapping v="overlapping not specified"/>
            </boolgroup>
            <boolgroup name="Segment7" v="Enabled">
              <Name v="PAGE_F4"/>
              <Qualifier v="READ_ONLY"/>
              <Address v="8192000"/>
              <Size v="16384"/>
              <boolgroup name="Relocation" v="Disabled" />
              <boolgroup name="Align" v="Disabled" />
              <boolgroup name="Fill pattern" v="Disabled" />
              <Code_overlapping v="overlapping not specified"/>
              <Const_data_overlapping v="overlapping not specified"/>
            </boolgroup>
            <boolgroup name="Segment8" v="Enabled">
              <Name v="PAGE_F5"/>
              <Qualifier v="READ_ONLY"/>
              <Address v="8208384"/>
              <Size v="16384"/>
              <boolgroup name="Relocation" v="Disabled" />
              <boolgroup name="Align" v="Disabled" />
              <boolgroup name="Fill pattern" v="Disabled" />
              <Code_overlapping v="overlapping not specified"/>
              <Const_data_overlapping v="overlapping not specified"/>
            </boolgroup>
            <boolgroup name="Segment9" v="Enabled">
              <Name v="PAGE_F6"/>
              <Qualifier v="READ_ONLY"/>
              <Address v="8224768"/>
              <Size v="16384"/>
              <boolgroup name="Relocation" v="Disabled" />
              <boolgroup name="Align" v="Disabled" />
              <boolgroup name="Fill pattern" v="Disabled" />
              <Code_overlapping v="overlapping not specified"/>
              <Const_data_overlapping v="overlapping not specified"/>
            </boolgroup>
            <boolgroup name="Segment10" v="Enabled">
              <Name v="PAGE_F7"/>
              <Qualifier v="READ_ONLY"/>
              <Address v="8241152"/>
              <Size v="16384"/>
              <boolgroup name="Relocation" v="Disabled" />
              <boolgroup name="Align" v="Disabled" />
              <boolgroup name="Fill pattern" v="Disabled" />
              <Code_overlapping v="overlapping not specified"/>
              <Const_data_overlapping v="overlapping not specified"/>
            </boolgroup>
            <boolgroup name="Segment11" v="Enabled">
              <Name v="PAGE_F8"/>
              <Qualifier v="READ_ONLY"/>
              <Address v="8257536"/>
              <Size v="16384"/>
              <boolgroup name="Relocation" v="Disabled" />
              <boolgroup name="Align" v="Disabled" />
              <boolgroup name="Fill pattern" v="Disabled" />
              <Code_overlapping v="overlapping not specified"/>
              <Const_data_overlapping v="overlapping not specified"/>
            </boolgroup>
            <boolgroup name="Segment12" v="Enabled">
              <Name v="PAGE_F9"/>
              <Qualifier v="READ_ONLY"/>
              <Address v="8273920"/>
              <Size v="16384"/>
              <boolgroup name="Relocation" v="Disabled" />
              <boolgroup name="Align" v="Disabled" />
              <boolgroup name="Fill pattern" v="Disabled" />
              <Code_overlapping v="overlapping not specified"/>
              <Const_data_overlapping v="overlapping not specified"/>
            </boolgroup>
            <boolgroup name="Segment13" v="Enabled">
              <Name v="PAGE_FA"/>
              <Qualifier v="READ_ONLY"/>
              <Address v="8290304"/>
              <Size v="16384"/>
              <boolgroup name="Relocation" v="Disabled" />
              <boolgroup name="Align" v="Disabled" />
              <boolgroup name="Fill pattern" v="Disabled" />
              <Code_overlapping v="overlapping not specified"/>
              <Const_data_overlapping v="overlapping not specified"/>
            </boolgroup>
            <boolgroup name="Segment14" v="Enabled">
              <Name v="PAGE_FB"/>
              <Qualifier v="READ_ONLY"/>
              <Address v="8306688"/>
              <Size v="16384"/>
              <boolgroup name="Relocation" v="Disabled" />
              <boolgroup name="Align" v="Disabled" />
              <boolgroup name="Fill pattern" v="Disabled" />
              <Code_overlapping v="overlapping not specified"/>
              <Const_data_overlapping v="overlapping not specified"/>
            </boolgroup>
            <boolgroup name="Segment15" v="Enabled">
              <Name v="PAGE_FC"/>
              <Qualifier v="READ_ONLY"/>
              <Address v="8323072"/>
              <Size v="16384"/>
              <boolgroup name="Relocation" v="Disabled" />
              <boolgroup name="Align" v="Disabled" />
              <boolgroup name="Fill pattern" v="Disabled" />
              <Code_overlapping v="overlapping not specified"/>
              <Const_data_overlapping v="overlapping not specified"/>
            </boolgroup>
            <boolgroup name="Segment16" v="Enabled">
              <Name v="PAGE_FE"/>
              <Qualifier v="READ_ONLY"/>
              <Address v="8355840"/>
              <Size v="16384"/>
              <boolgroup name="Relocation" v="Disabled" />
              <boolgroup name="Align" v="Disabled" />
              <boolgroup name="Fill pattern" v="Disabled" />
              <Code_overlapping v="overlapping not specified"/>
              <Const_data_overlapping v="overlapping not specified"/>
            </boolgroup>
          </list>
        </group>
        <list name="C_ImportUserPlacement" v="1">
          <boolgroup name="Customize placement" v="Disabled" />
        </list>
      </boolgroup>
    </CompilerProperties>
  </CPU_Bean>

  <CPU_Bean name="Cpu" type="MC9S12XS256_112">
    <Enabled v="N"/>

    <Properties>
      <Bean_name v="Cpu"/>
      <CPU_type v="MC9S12XS256MAL"/>
      <list name="Shared clock settings - XDP512" v="1">
        <group name="Clock settings">
          <group name="Input clock">
            <Clock_type v="External clock source"/>
            <Clock_frequency__MHz_ v="16"/>
            <group name="Clock input pin">
              <Pin v=""/>
              <Pin_signal v=""/>
            </group>
            <group name="Clock output pin">
              <Pin v=""/>
              <Pin_signal v=""/>
            </group>
          </group>
          <group name="Output clock">
            <boolgroup name="External clock" v="Enabled">
              <ECLK_pin v=""/>
              <ECLK_pin_signal v=""/>
            </boolgroup>
          </group>
          <group name="Low-power modes settings">
            <Pseudo_stop v="no"/>
            <PLL_stops_in_wait_mode v="no"/>
          </group>
          <Clock_monitor v="Enter Self clock mode"/>
        </group>
      </list>
      <list name="Shared interrupts settings - XDP512" v="1">
        <group name="Interrupts initialization">
          <Initialization_priority v="minimal priority"/>
        </group>
      </list>
      <list name="Shared internal resource mapping - XDP512" v="1">
        <group name="Internal resource mapping">
          <Direct_page_mapping v="0"/>
          <group name="Interrupt/Reset vector table">
            <group name="Reset vector table">
              <Address v="65530"/>
              <Size v="6"/>
            </group>
            <group name="Interrupt vector table">
              <Address v="65296"/>
              <Size v="234"/>
              <Init_IVBR_register v="yes"/>
            </group>
          </group>
        </group>
      </list>
      <list name="Shared external bus and user mode - XDP512" v="1">
        <group name="External bus and user mode">
          <Boot_operating_mode v="Special single-chip"/>
          <boolgroup name="Operating mode switching" v="no" />
          <enumgroup name="Operating mode settings" v="Special single-chip">
          </enumgroup>
        </group>
      </list>
      <group name="Internal peripherals">
        <list name="Shared BDM Module Settings" v="1">
          <group name="BDM Debug support">
            <Stop_COP_and_RTI_in_Active_BDM_mode v="no"/>
          </group>
        </list>
        <list name="Internal Peripherals IO" v="1">
          <group name="I/O module">
            <list name="Shared Unused I/O" v="1">
              <enumgroup name="Initialize unused I/O pins" v="no initialization">
              </enumgroup>
            </list>
            <group name="PORT A">
              <Reduced_drive_for_all_port_A v="no"/>
            </group>
            <group name="PORT AD0H">
              <Reduced_drive_for_PAD08 v="no"/>
              <Reduced_drive_for_PAD09 v="no"/>
              <Reduced_drive_for_PAD10 v="no"/>
              <Reduced_drive_for_PAD11 v="no"/>
              <Reduced_drive_for_PAD12 v="no"/>
              <Reduced_drive_for_PAD13 v="no"/>
              <Reduced_drive_for_PAD14 v="no"/>
              <Reduced_drive_for_PAD15 v="no"/>
            </group>
            <group name="PORT AD0L">
              <Reduced_drive_for_PAD00 v="no"/>
              <Reduced_drive_for_PAD01 v="no"/>
              <Reduced_drive_for_PAD02 v="no"/>
              <Reduced_drive_for_PAD03 v="no"/>
              <Reduced_drive_for_PAD04 v="no"/>
              <Reduced_drive_for_PAD05 v="no"/>
              <Reduced_drive_for_PAD06 v="no"/>
              <Reduced_drive_for_PAD07 v="no"/>
            </group>
            <group name="PORT B">
              <Reduced_drive_for_all_port_B v="no"/>
            </group>
            <group name="PORT E">
              <Reduced_drive_for_all_port_E v="no"/>
            </group>
            <group name="PORT H">
              <Reduced_drive_for_PH0 v="no"/>
              <Reduced_drive_for_PH1 v="no"/>
              <Reduced_drive_for_PH2 v="no"/>
              <Reduced_drive_for_PH3 v="no"/>
              <Reduced_drive_for_PH4 v="no"/>
              <Reduced_drive_for_PH5 v="no"/>
              <Reduced_drive_for_PH6 v="no"/>
              <Reduced_drive_for_PH7 v="no"/>
            </group>
            <group name="PORT J">
              <Reduced_drive_for_PJ0 v="no"/>
              <Reduced_drive_for_PJ1 v="no"/>
              <Reduced_drive_for_PJ6 v="no"/>
              <Reduced_drive_for_PJ7 v="no"/>
            </group>
            <group name="PORT K">
              <Reduced_drive_for_all_port_K v="no"/>
            </group>
            <group name="PORT M">
              <Reduced_drive_for_PM0 v="no"/>
              <Reduced_drive_for_PM1 v="no"/>
              <Reduced_drive_for_PM2 v="no"/>
              <Reduced_drive_for_PM3 v="no"/>
              <Reduced_drive_for_PM4 v="no"/>
              <Reduced_drive_for_PM5 v="no"/>
              <Reduced_drive_for_PM6 v="no"/>
              <Reduced_drive_for_PM7 v="no"/>
            </group>
            <group name="PORT P">
              <Reduced_drive_for_PP0 v="no"/>
              <Reduced_drive_for_PP1 v="no"/>
              <Reduced_drive_for_PP2 v="no"/>
              <Reduced_drive_for_PP3 v="no"/>
              <Reduced_drive_for_PP4 v="no"/>
              <Reduced_drive_for_PP5 v="no"/>
              <Reduced_drive_for_PP6 v="no"/>
              <Reduced_drive_for_PP7 v="no"/>
            </group>
            <group name="PORT S">
              <Reduced_drive_for_PS0 v="no"/>
              <Reduced_drive_for_PS1 v="no"/>
              <Reduced_drive_for_PS2 v="no"/>
              <Reduced_drive_for_PS3 v="no"/>
              <Reduced_drive_for_PS4 v="no"/>
              <Reduced_drive_for_PS5 v="no"/>
              <Reduced_drive_for_PS6 v="no"/>
              <Reduced_drive_for_PS7 v="no"/>
            </group>
            <group name="PORT T">
              <Reduced_drive_for_PT0 v="no"/>
              <Reduced_drive_for_PT1 v="no"/>
              <Reduced_drive_for_PT2 v="no"/>
              <Reduced_drive_for_PT3 v="no"/>
              <Reduced_drive_for_PT4 v="no"/>
              <Reduced_drive_for_PT5 v="no"/>
              <Reduced_drive_for_PT6 v="no"/>
              <Reduced_drive_for_PT7 v="no"/>
            </group>
          </group>
        </list>
        <list name="Shared PIT Module Settings" v="1">
        </list>
        <list name="Shared PWM Module Settings" v="1">
        </list>
        <list name="Shared TIM module settings" v="1">
        </list>
        <list name="Shared VREG module settings" v="1">
          <group name="Voltage Regulator">
            <Voltage_Access v="Temperature sense"/>
          </group>
        </list>
      </group>
      <list name="Shared CPU interrupts - XDP512" v="1">
        <group name="CPU interrupts/resets">
        </group>
      </list>
      <list name="Shared speed modes settings" v="1">
        <group name="Enabled speed modes">
          <boolgroup name="High speed mode" v="Enabled">
            <Internal_bus_clock v="40"/>
            <boolgroup name="PLL clock" v="Enabled">
              <Reference_divider v="Auto select"/>
              <PLL_multiplication_factor v="Auto select"/>
              <PLL_post_divider v="Auto select"/>
              <VCO_clock_frequency__MHz_ v="80"/>
              <Frequency_Modulation v="FM off"/>
            </boolgroup>
          </boolgroup>
          <boolgroup name="Low speed mode" v="Disabled" />
          <boolgroup name="Slow speed mode" v="Disabled" />
        </group>
      </list>
    </Properties>

    <Methods>
      <list name="SharedCpuMethods" v="1">
        <SetHighSpeed v="don&apos;t generate code"/>
        <SetLowSpeed v="don&apos;t generate code"/>
        <SetSlowSpeed v="don&apos;t generate code"/>
        <GetSpeedMode v="don&apos;t generate code"/>
        <EnableInt v="generate code"/>
        <DisableInt v="generate code"/>
        <SetWaitMode v="generate code"/>
        <SetStopMode v="generate code"/>
        <Delay100US v="don&apos;t generate code"/>
        <GetPllLockStatusFlag v="don&apos;t generate code"/>
        <GetResetSource v="don&apos;t generate code"/>
      </list>
    </Methods>

    <Events>
      <Event_module_name v="Events"/>
      <list name="SharedCpuEvents" v="1">
        <event name="OnReset" v="don&apos;t generate code" />
      </list>
    </Events>
    <Compiler v="CodeWarrior HC12X C Compiler"/>

    <CompilerProperties>
      <Compiler v="CodeWarrior HCS12X C Compiler"/>
      <enumgroup name="Unhandled interrupts" v="One handler for all">
        <Interrupt_priority v="Don&apos;t initialize"/>
        <Unhandled_int_code>
asm(BGND);
        </Unhandled_int_code>
      </enumgroup>
      <Generate_macros v="yes"/>
      <group name="User initialization">
        <User_data_declarations>
        </User_data_declarations>
        <User_code_before_PE_initialization>
        </User_code_before_PE_initialization>
        <User_code_after_PE_initialization>
        </User_code_after_PE_initialization>
      </group>
      <Memory_model v="Banked"/>
      <boolgroup name="Generate PRM file" v="yes">
        <enumgroup name="Stack specification" v="size">
          <Stack_size v="128"/>
        </enumgroup>
        <group name="Memory segments">
          <Set_default_memory_segments v="Click to set default &gt;"/>
          <list name="ROM/RAM segments" v="17">
            <boolgroup name="Segment0" v="Enabled">
              <Name v="RAM"/>
              <Qualifier v="READ_WRITE"/>
              <Address v="8192"/>
              <Size v="8192"/>
              <boolgroup name="Relocation" v="Disabled" />
              <boolgroup name="Align" v="Disabled" />
              <boolgroup name="Fill pattern" v="Disabled" />
              <Code_overlapping v="overlapping not specified"/>
              <Const_data_overlapping v="overlapping not specified"/>
            </boolgroup>
            <boolgroup name="Segment1" v="Disabled" />
            <boolgroup name="Segment2" v="Enabled">
              <Name v="ROM_C000"/>
              <Qualifier v="READ_ONLY"/>
              <Address v="49152"/>
              <Size v="16128"/>
              <boolgroup name="Relocation" v="Disabled" />
              <boolgroup name="Align" v="Disabled" />
              <boolgroup name="Fill pattern" v="Disabled" />
              <Code_overlapping v="overlapping not specified"/>
              <Const_data_overlapping v="overlapping not specified"/>
            </boolgroup>
            <boolgroup name="Segment3" v="Enabled">
              <Name v="PAGE_F0"/>
              <Qualifier v="READ_ONLY"/>
              <Address v="8126464"/>
              <Size v="16384"/>
              <boolgroup name="Relocation" v="Disabled" />
              <boolgroup name="Align" v="Disabled" />
              <boolgroup name="Fill pattern" v="Disabled" />
              <Code_overlapping v="overlapping not specified"/>
              <Const_data_overlapping v="overlapping not specified"/>
            </boolgroup>
            <boolgroup name="Segment4" v="Enabled">
              <Name v="PAGE_F1"/>
              <Qualifier v="READ_ONLY"/>
              <Address v="8142848"/>
              <Size v="16384"/>
              <boolgroup name="Relocation" v="Disabled" />
              <boolgroup name="Align" v="Disabled" />
              <boolgroup name="Fill pattern" v="Disabled" />
              <Code_overlapping v="overlapping not specified"/>
              <Const_data_overlapping v="overlapping not specified"/>
            </boolgroup>
            <boolgroup name="Segment5" v="Enabled">
              <Name v="PAGE_F2"/>
              <Qualifier v="READ_ONLY"/>
              <Address v="8159232"/>
              <Size v="16384"/>
              <boolgroup name="Relocation" v="Disabled" />
              <boolgroup name="Align" v="Disabled" />
              <boolgroup name="Fill pattern" v="Disabled" />
              <Code_overlapping v="overlapping not specified"/>
              <Const_data_overlapping v="overlapping not specified"/>
            </boolgroup>
            <boolgroup name="Segment6" v="Enabled">
              <Name v="PAGE_F3"/>
              <Qualifier v="READ_ONLY"/>
              <Address v="8175616"/>
              <Size v="16384"/>
              <boolgroup name="Relocation" v="Disabled" />
              <boolgroup name="Align" v="Disabled" />
              <boolgroup name="Fill pattern" v="Disabled" />
              <Code_overlapping v="overlapping not specified"/>
              <Const_data_overlapping v="overlapping not specified"/>
            </boolgroup>
            <boolgroup name="Segment7" v="Enabled">
              <Name v="PAGE_F4"/>
              <Qualifier v="READ_ONLY"/>
              <Address v="8192000"/>
              <Size v="16384"/>
              <boolgroup name="Relocation" v="Disabled" />
              <boolgroup name="Align" v="Disabled" />
              <boolgroup name="Fill pattern" v="Disabled" />
              <Code_overlapping v="overlapping not specified"/>
              <Const_data_overlapping v="overlapping not specified"/>
            </boolgroup>
            <boolgroup name="Segment8" v="Enabled">
              <Name v="PAGE_F5"/>
              <Qualifier v="READ_ONLY"/>
              <Address v="8208384"/>
              <Size v="16384"/>
              <boolgroup name="Relocation" v="Disabled" />
              <boolgroup name="Align" v="Disabled" />
              <boolgroup name="Fill pattern" v="Disabled" />
              <Code_overlapping v="overlapping not specified"/>
              <Const_data_overlapping v="overlapping not specified"/>
            </boolgroup>
            <boolgroup name="Segment9" v="Enabled">
              <Name v="PAGE_F6"/>
              <Qualifier v="READ_ONLY"/>
              <Address v="8224768"/>
              <Size v="16384"/>
              <boolgroup name="Relocation" v="Disabled" />
              <boolgroup name="Align" v="Disabled" />
              <boolgroup name="Fill pattern" v="Disabled" />
              <Code_overlapping v="overlapping not specified"/>
              <Const_data_overlapping v="overlapping not specified"/>
            </boolgroup>
            <boolgroup name="Segment10" v="Enabled">
              <Name v="PAGE_F7"/>
              <Qualifier v="READ_ONLY"/>
              <Address v="8241152"/>
              <Size v="16384"/>
              <boolgroup name="Relocation" v="Disabled" />
              <boolgroup name="Align" v="Disabled" />
              <boolgroup name="Fill pattern" v="Disabled" />
              <Code_overlapping v="overlapping not specified"/>
              <Const_data_overlapping v="overlapping not specified"/>
            </boolgroup>
            <boolgroup name="Segment11" v="Enabled">
              <Name v="PAGE_F8"/>
              <Qualifier v="READ_ONLY"/>
              <Address v="8257536"/>
              <Size v="16384"/>
              <boolgroup name="Relocation" v="Disabled" />
              <boolgroup name="Align" v="Disabled" />
              <boolgroup name="Fill pattern" v="Disabled" />
              <Code_overlapping v="overlapping not specified"/>
              <Const_data_overlapping v="overlapping not specified"/>
            </boolgroup>
            <boolgroup name="Segment12" v="Enabled">
              <Name v="PAGE_F9"/>
              <Qualifier v="READ_ONLY"/>
              <Address v="8273920"/>
              <Size v="16384"/>
              <boolgroup name="Relocation" v="Disabled" />
              <boolgroup name="Align" v="Disabled" />
              <boolgroup name="Fill pattern" v="Disabled" />
              <Code_overlapping v="overlapping not specified"/>
              <Const_data_overlapping v="overlapping not specified"/>
            </boolgroup>
            <boolgroup name="Segment13" v="Enabled">
              <Name v="PAGE_FA"/>
              <Qualifier v="READ_ONLY"/>
              <Address v="8290304"/>
              <Size v="16384"/>
              <boolgroup name="Relocation" v="Disabled" />
              <boolgroup name="Align" v="Disabled" />
              <boolgroup name="Fill pattern" v="Disabled" />
              <Code_overlapping v="overlapping not specified"/>
              <Const_data_overlapping v="overlapping not specified"/>
            </boolgroup>
            <boolgroup name="Segment14" v="Enabled">
              <Name v="PAGE_FB"/>
              <Qualifier v="READ_ONLY"/>
              <Address v="8306688"/>
              <Size v="16384"/>
              <boolgroup name="Relocation" v="Disabled" />
              <boolgroup name="Align" v="Disabled" />
              <boolgroup name="Fill pattern" v="Disabled" />
              <Code_overlapping v="overlapping not specified"/>
              <Const_data_overlapping v="overlapping not specified"/>
            </boolgroup>
            <boolgroup name="Segment15" v="Enabled">
              <Name v="PAGE_FC"/>
              <Qualifier v="READ_ONLY"/>
              <Address v="8323072"/>
              <Size v="16384"/>
              <boolgroup name="Relocation" v="Disabled" />
              <boolgroup name="Align" v="Disabled" />
              <boolgroup name="Fill pattern" v="Disabled" />
              <Code_overlapping v="overlapping not specified"/>
              <Const_data_overlapping v="overlapping not specified"/>
            </boolgroup>
            <boolgroup name="Segment16" v="Enabled">
              <Name v="PAGE_FE"/>
              <Qualifier v="READ_ONLY"/>
              <Address v="8355840"/>
              <Size v="16384"/>
              <boolgroup name="Relocation" v="Disabled" />
              <boolgroup name="Align" v="Disabled" />
              <boolgroup name="Fill pattern" v="Disabled" />
              <Code_overlapping v="overlapping not specified"/>
              <Const_data_overlapping v="overlapping not specified"/>
            </boolgroup>
          </list>
        </group>
        <list name="C_ImportUserPlacement" v="1">
          <boolgroup name="Customize placement" v="Disabled" />
        </list>
      </boolgroup>
    </CompilerProperties>
  </CPU_Bean>

  <CPU_Bean name="Cpu" type="MC9S12XS256_112">
    <Enabled v="N"/>

    <Properties>
      <Bean_name v="Cpu"/>
      <CPU_type v="MC9S12XS256VAL"/>
      <list name="Shared clock settings - XDP512" v="1">
        <group name="Clock settings">
          <group name="Input clock">
            <Clock_type v="External clock source"/>
            <Clock_frequency__MHz_ v="16"/>
            <group name="Clock input pin">
              <Pin v=""/>
              <Pin_signal v=""/>
            </group>
            <group name="Clock output pin">
              <Pin v=""/>
              <Pin_signal v=""/>
            </group>
          </group>
          <group name="Output clock">
            <boolgroup name="External clock" v="Enabled">
              <ECLK_pin v=""/>
              <ECLK_pin_signal v=""/>
            </boolgroup>
          </group>
          <group name="Low-power modes settings">
            <Pseudo_stop v="no"/>
            <PLL_stops_in_wait_mode v="no"/>
          </group>
          <Clock_monitor v="Enter Self clock mode"/>
        </group>
      </list>
      <list name="Shared interrupts settings - XDP512" v="1">
        <group name="Interrupts initialization">
          <Initialization_priority v="minimal priority"/>
        </group>
      </list>
      <list name="Shared internal resource mapping - XDP512" v="1">
        <group name="Internal resource mapping">
          <Direct_page_mapping v="0"/>
          <group name="Interrupt/Reset vector table">
            <group name="Reset vector table">
              <Address v="65530"/>
              <Size v="6"/>
            </group>
            <group name="Interrupt vector table">
              <Address v="65296"/>
              <Size v="234"/>
              <Init_IVBR_register v="yes"/>
            </group>
          </group>
        </group>
      </list>
      <list name="Shared external bus and user mode - XDP512" v="1">
        <group name="External bus and user mode">
          <Boot_operating_mode v="Special single-chip"/>
          <boolgroup name="Operating mode switching" v="no" />
          <enumgroup name="Operating mode settings" v="Special single-chip">
          </enumgroup>
        </group>
      </list>
      <group name="Internal peripherals">
        <list name="Shared BDM Module Settings" v="1">
          <group name="BDM Debug support">
            <Stop_COP_and_RTI_in_Active_BDM_mode v="no"/>
          </group>
        </list>
        <list name="Internal Peripherals IO" v="1">
          <group name="I/O module">
            <list name="Shared Unused I/O" v="1">
              <enumgroup name="Initialize unused I/O pins" v="no initialization">
              </enumgroup>
            </list>
            <group name="PORT A">
              <Reduced_drive_for_all_port_A v="no"/>
            </group>
            <group name="PORT AD0H">
              <Reduced_drive_for_PAD08 v="no"/>
              <Reduced_drive_for_PAD09 v="no"/>
              <Reduced_drive_for_PAD10 v="no"/>
              <Reduced_drive_for_PAD11 v="no"/>
              <Reduced_drive_for_PAD12 v="no"/>
              <Reduced_drive_for_PAD13 v="no"/>
              <Reduced_drive_for_PAD14 v="no"/>
              <Reduced_drive_for_PAD15 v="no"/>
            </group>
            <group name="PORT AD0L">
              <Reduced_drive_for_PAD00 v="no"/>
              <Reduced_drive_for_PAD01 v="no"/>
              <Reduced_drive_for_PAD02 v="no"/>
              <Reduced_drive_for_PAD03 v="no"/>
              <Reduced_drive_for_PAD04 v="no"/>
              <Reduced_drive_for_PAD05 v="no"/>
              <Reduced_drive_for_PAD06 v="no"/>
              <Reduced_drive_for_PAD07 v="no"/>
            </group>
            <group name="PORT B">
              <Reduced_drive_for_all_port_B v="no"/>
            </group>
            <group name="PORT E">
              <Reduced_drive_for_all_port_E v="no"/>
            </group>
            <group name="PORT H">
              <Reduced_drive_for_PH0 v="no"/>
              <Reduced_drive_for_PH1 v="no"/>
              <Reduced_drive_for_PH2 v="no"/>
              <Reduced_drive_for_PH3 v="no"/>
              <Reduced_drive_for_PH4 v="no"/>
              <Reduced_drive_for_PH5 v="no"/>
              <Reduced_drive_for_PH6 v="no"/>
              <Reduced_drive_for_PH7 v="no"/>
            </group>
            <group name="PORT J">
              <Reduced_drive_for_PJ0 v="no"/>
              <Reduced_drive_for_PJ1 v="no"/>
              <Reduced_drive_for_PJ6 v="no"/>
              <Reduced_drive_for_PJ7 v="no"/>
            </group>
            <group name="PORT K">
              <Reduced_drive_for_all_port_K v="no"/>
            </group>
            <group name="PORT M">
              <Reduced_drive_for_PM0 v="no"/>
              <Reduced_drive_for_PM1 v="no"/>
              <Reduced_drive_for_PM2 v="no"/>
              <Reduced_drive_for_PM3 v="no"/>
              <Reduced_drive_for_PM4 v="no"/>
              <Reduced_drive_for_PM5 v="no"/>
              <Reduced_drive_for_PM6 v="no"/>
              <Reduced_drive_for_PM7 v="no"/>
            </group>
            <group name="PORT P">
              <Reduced_drive_for_PP0 v="no"/>
              <Reduced_drive_for_PP1 v="no"/>
              <Reduced_drive_for_PP2 v="no"/>
              <Reduced_drive_for_PP3 v="no"/>
              <Reduced_drive_for_PP4 v="no"/>
              <Reduced_drive_for_PP5 v="no"/>
              <Reduced_drive_for_PP6 v="no"/>
              <Reduced_drive_for_PP7 v="no"/>
            </group>
            <group name="PORT S">
              <Reduced_drive_for_PS0 v="no"/>
              <Reduced_drive_for_PS1 v="no"/>
              <Reduced_drive_for_PS2 v="no"/>
              <Reduced_drive_for_PS3 v="no"/>
              <Reduced_drive_for_PS4 v="no"/>
              <Reduced_drive_for_PS5 v="no"/>
              <Reduced_drive_for_PS6 v="no"/>
              <Reduced_drive_for_PS7 v="no"/>
            </group>
            <group name="PORT T">
              <Reduced_drive_for_PT0 v="no"/>
              <Reduced_drive_for_PT1 v="no"/>
              <Reduced_drive_for_PT2 v="no"/>
              <Reduced_drive_for_PT3 v="no"/>
              <Reduced_drive_for_PT4 v="no"/>
              <Reduced_drive_for_PT5 v="no"/>
              <Reduced_drive_for_PT6 v="no"/>
              <Reduced_drive_for_PT7 v="no"/>
            </group>
          </group>
        </list>
        <list name="Shared PIT Module Settings" v="1">
        </list>
        <list name="Shared PWM Module Settings" v="1">
        </list>
        <list name="Shared TIM module settings" v="1">
        </list>
        <list name="Shared VREG module settings" v="1">
          <group name="Voltage Regulator">
            <Voltage_Access v="Temperature sense"/>
          </group>
        </list>
      </group>
      <list name="Shared CPU interrupts - XDP512" v="1">
        <group name="CPU interrupts/resets">
        </group>
      </list>
      <list name="Shared speed modes settings" v="1">
        <group name="Enabled speed modes">
          <boolgroup name="High speed mode" v="Enabled">
            <Internal_bus_clock v="8"/>
            <boolgroup name="PLL clock" v="Enabled">
              <Reference_divider v="Auto select"/>
              <PLL_multiplication_factor v="Auto select"/>
              <PLL_post_divider v="Auto select"/>
              <VCO_clock_frequency__MHz_ v="32"/>
              <Frequency_Modulation v="FM off"/>
            </boolgroup>
          </boolgroup>
          <boolgroup name="Low speed mode" v="Disabled" />
          <boolgroup name="Slow speed mode" v="Disabled" />
        </group>
      </list>
    </Properties>

    <Methods>
      <list name="SharedCpuMethods" v="1">
        <SetHighSpeed v="don&apos;t generate code"/>
        <SetLowSpeed v="don&apos;t generate code"/>
        <SetSlowSpeed v="don&apos;t generate code"/>
        <GetSpeedMode v="don&apos;t generate code"/>
        <EnableInt v="generate code"/>
        <DisableInt v="generate code"/>
        <SetWaitMode v="generate code"/>
        <SetStopMode v="generate code"/>
        <Delay100US v="don&apos;t generate code"/>
        <GetPllLockStatusFlag v="don&apos;t generate code"/>
        <GetResetSource v="don&apos;t generate code"/>
      </list>
    </Methods>

    <Events>
      <Event_module_name v="Events"/>
      <list name="SharedCpuEvents" v="1">
        <event name="OnReset" v="don&apos;t generate code" />
      </list>
    </Events>
    <Compiler v="CodeWarrior HC12X C Compiler"/>

    <CompilerProperties>
      <Compiler v="CodeWarrior HCS12X C Compiler"/>
      <enumgroup name="Unhandled interrupts" v="One handler for all">
        <Interrupt_priority v="Don&apos;t initialize"/>
        <Unhandled_int_code>
asm(BGND);
        </Unhandled_int_code>
      </enumgroup>
      <Generate_macros v="yes"/>
      <group name="User initialization">
        <User_data_declarations>
        </User_data_declarations>
        <User_code_before_PE_initialization>
        </User_code_before_PE_initialization>
        <User_code_after_PE_initialization>
        </User_code_after_PE_initialization>
      </group>
      <Memory_model v="Banked"/>
      <boolgroup name="Generate PRM file" v="yes">
        <enumgroup name="Stack specification" v="size">
          <Stack_size v="128"/>
        </enumgroup>
        <group name="Memory segments">
          <Set_default_memory_segments v="Click to set default &gt;"/>
          <list name="ROM/RAM segments" v="17">
            <boolgroup name="Segment0" v="Enabled">
              <Name v="RAM"/>
              <Qualifier v="READ_WRITE"/>
              <Address v="8192"/>
              <Size v="8192"/>
              <boolgroup name="Relocation" v="Disabled" />
              <boolgroup name="Align" v="Disabled" />
              <boolgroup name="Fill pattern" v="Disabled" />
              <Code_overlapping v="overlapping not specified"/>
              <Const_data_overlapping v="overlapping not specified"/>
            </boolgroup>
            <boolgroup name="Segment1" v="Disabled" />
            <boolgroup name="Segment2" v="Enabled">
              <Name v="ROM_C000"/>
              <Qualifier v="READ_ONLY"/>
              <Address v="49152"/>
              <Size v="16128"/>
              <boolgroup name="Relocation" v="Disabled" />
              <boolgroup name="Align" v="Disabled" />
              <boolgroup name="Fill pattern" v="Disabled" />
              <Code_overlapping v="overlapping not specified"/>
              <Const_data_overlapping v="overlapping not specified"/>
            </boolgroup>
            <boolgroup name="Segment3" v="Enabled">
              <Name v="PAGE_F0"/>
              <Qualifier v="READ_ONLY"/>
              <Address v="8126464"/>
              <Size v="16384"/>
              <boolgroup name="Relocation" v="Disabled" />
              <boolgroup name="Align" v="Disabled" />
              <boolgroup name="Fill pattern" v="Disabled" />
              <Code_overlapping v="overlapping not specified"/>
              <Const_data_overlapping v="overlapping not specified"/>
            </boolgroup>
            <boolgroup name="Segment4" v="Enabled">
              <Name v="PAGE_F1"/>
              <Qualifier v="READ_ONLY"/>
              <Address v="8142848"/>
              <Size v="16384"/>
              <boolgroup name="Relocation" v="Disabled" />
              <boolgroup name="Align" v="Disabled" />
              <boolgroup name="Fill pattern" v="Disabled" />
              <Code_overlapping v="overlapping not specified"/>
              <Const_data_overlapping v="overlapping not specified"/>
            </boolgroup>
            <boolgroup name="Segment5" v="Enabled">
              <Name v="PAGE_F2"/>
              <Qualifier v="READ_ONLY"/>
              <Address v="8159232"/>
              <Size v="16384"/>
              <boolgroup name="Relocation" v="Disabled" />
              <boolgroup name="Align" v="Disabled" />
              <boolgroup name="Fill pattern" v="Disabled" />
              <Code_overlapping v="overlapping not specified"/>
              <Const_data_overlapping v="overlapping not specified"/>
            </boolgroup>
            <boolgroup name="Segment6" v="Enabled">
              <Name v="PAGE_F3"/>
              <Qualifier v="READ_ONLY"/>
              <Address v="8175616"/>
              <Size v="16384"/>
              <boolgroup name="Relocation" v="Disabled" />
              <boolgroup name="Align" v="Disabled" />
              <boolgroup name="Fill pattern" v="Disabled" />
              <Code_overlapping v="overlapping not specified"/>
              <Const_data_overlapping v="overlapping not specified"/>
            </boolgroup>
            <boolgroup name="Segment7" v="Enabled">
              <Name v="PAGE_F4"/>
              <Qualifier v="READ_ONLY"/>
              <Address v="8192000"/>
              <Size v="16384"/>
              <boolgroup name="Relocation" v="Disabled" />
              <boolgroup name="Align" v="Disabled" />
              <boolgroup name="Fill pattern" v="Disabled" />
              <Code_overlapping v="overlapping not specified"/>
              <Const_data_overlapping v="overlapping not specified"/>
            </boolgroup>
            <boolgroup name="Segment8" v="Enabled">
              <Name v="PAGE_F5"/>
              <Qualifier v="READ_ONLY"/>
              <Address v="8208384"/>
              <Size v="16384"/>
              <boolgroup name="Relocation" v="Disabled" />
              <boolgroup name="Align" v="Disabled" />
              <boolgroup name="Fill pattern" v="Disabled" />
              <Code_overlapping v="overlapping not specified"/>
              <Const_data_overlapping v="overlapping not specified"/>
            </boolgroup>
            <boolgroup name="Segment9" v="Enabled">
              <Name v="PAGE_F6"/>
              <Qualifier v="READ_ONLY"/>
              <Address v="8224768"/>
              <Size v="16384"/>
              <boolgroup name="Relocation" v="Disabled" />
              <boolgroup name="Align" v="Disabled" />
              <boolgroup name="Fill pattern" v="Disabled" />
              <Code_overlapping v="overlapping not specified"/>
              <Const_data_overlapping v="overlapping not specified"/>
            </boolgroup>
            <boolgroup name="Segment10" v="Enabled">
              <Name v="PAGE_F7"/>
              <Qualifier v="READ_ONLY"/>
              <Address v="8241152"/>
              <Size v="16384"/>
              <boolgroup name="Relocation" v="Disabled" />
              <boolgroup name="Align" v="Disabled" />
              <boolgroup name="Fill pattern" v="Disabled" />
              <Code_overlapping v="overlapping not specified"/>
              <Const_data_overlapping v="overlapping not specified"/>
            </boolgroup>
            <boolgroup name="Segment11" v="Enabled">
              <Name v="PAGE_F8"/>
              <Qualifier v="READ_ONLY"/>
              <Address v="8257536"/>
              <Size v="16384"/>
              <boolgroup name="Relocation" v="Disabled" />
              <boolgroup name="Align" v="Disabled" />
              <boolgroup name="Fill pattern" v="Disabled" />
              <Code_overlapping v="overlapping not specified"/>
              <Const_data_overlapping v="overlapping not specified"/>
            </boolgroup>
            <boolgroup name="Segment12" v="Enabled">
              <Name v="PAGE_F9"/>
              <Qualifier v="READ_ONLY"/>
              <Address v="8273920"/>
              <Size v="16384"/>
              <boolgroup name="Relocation" v="Disabled" />
              <boolgroup name="Align" v="Disabled" />
              <boolgroup name="Fill pattern" v="Disabled" />
              <Code_overlapping v="overlapping not specified"/>
              <Const_data_overlapping v="overlapping not specified"/>
            </boolgroup>
            <boolgroup name="Segment13" v="Enabled">
              <Name v="PAGE_FA"/>
              <Qualifier v="READ_ONLY"/>
              <Address v="8290304"/>
              <Size v="16384"/>
              <boolgroup name="Relocation" v="Disabled" />
              <boolgroup name="Align" v="Disabled" />
              <boolgroup name="Fill pattern" v="Disabled" />
              <Code_overlapping v="overlapping not specified"/>
              <Const_data_overlapping v="overlapping not specified"/>
            </boolgroup>
            <boolgroup name="Segment14" v="Enabled">
              <Name v="PAGE_FB"/>
              <Qualifier v="READ_ONLY"/>
              <Address v="8306688"/>
              <Size v="16384"/>
              <boolgroup name="Relocation" v="Disabled" />
              <boolgroup name="Align" v="Disabled" />
              <boolgroup name="Fill pattern" v="Disabled" />
              <Code_overlapping v="overlapping not specified"/>
              <Const_data_overlapping v="overlapping not specified"/>
            </boolgroup>
            <boolgroup name="Segment15" v="Enabled">
              <Name v="PAGE_FC"/>
              <Qualifier v="READ_ONLY"/>
              <Address v="8323072"/>
              <Size v="16384"/>
              <boolgroup name="Relocation" v="Disabled" />
              <boolgroup name="Align" v="Disabled" />
              <boolgroup name="Fill pattern" v="Disabled" />
              <Code_overlapping v="overlapping not specified"/>
              <Const_data_overlapping v="overlapping not specified"/>
            </boolgroup>
            <boolgroup name="Segment16" v="Enabled">
              <Name v="PAGE_FE"/>
              <Qualifier v="READ_ONLY"/>
              <Address v="8355840"/>
              <Size v="16384"/>
              <boolgroup name="Relocation" v="Disabled" />
              <boolgroup name="Align" v="Disabled" />
              <boolgroup name="Fill pattern" v="Disabled" />
              <Code_overlapping v="overlapping not specified"/>
              <Const_data_overlapping v="overlapping not specified"/>
            </boolgroup>
          </list>
        </group>
        <list name="C_ImportUserPlacement" v="1">
          <boolgroup name="Customize placement" v="Disabled" />
        </list>
      </boolgroup>
    </CompilerProperties>
  </CPU_Bean>

  <CPU_Bean name="Cpu" type="MC9S12DG128_80">
    <Enabled v="N"/>

    <Properties>
      <Bean_name v="Cpu"/>
      <CPU_type v="MC9S12DG128BCFU"/>
      <list name="Shared CRG module settings" v="1">
        <group name="Clock settings">
          <group name="Input clock">
            <Clock_type v="External clock source"/>
            <Clock_frequency__MHz_ v="16"/>
            <group name="Clock input pin">
              <Pin v="EXTAL"/>
              <Pin_signal v=""/>
            </group>
            <group name="Clock output pin">
              <Pin v="XTAL"/>
              <Pin_signal v=""/>
            </group>
          </group>
          <group name="Output clock">
            <boolgroup name="External clock" v="Enabled">
              <ECLK_pin v="PE4_ECLK"/>
              <ECLK_pin_signal v=""/>
            </boolgroup>
          </group>
          <group name="Low-power modes settings">
            <Pseudo_stop v="no"/>
            <System_clocks_stop_in_wait_mode v="no"/>
            <Reduced_oscillator_amplitude_in_wait_mode v="no"/>
            <Core_stops_in_wait_mode v="no"/>
            <PLL_stops_in_wait_mode v="no"/>
          </group>
          <Clock_monitor v="Enter Self clock mode"/>
        </group>
      </list>
      <Initialization_priority v="interrupts enabled"/>
      <list name="Shared Internal Resource Mapping With EEPROM" v="1">
        <group name="Internal resource mapping">
          <Register_block_mapping v="$0000"/>
          <Internal_RAM_mapping v="$2000"/>
          <boolgroup name="Internal EEPROM" v="Enabled">
            <Internal_EEPROM_mapping v="$1800"/>
          </boolgroup>
          <boolgroup name="Internal FLASH" v="yes">
            <Half_memory_only v="no"/>
          </boolgroup>
          <group name="Interrupt vector table">
            <Address v="65408"/>
            <Size v="128"/>
          </group>
        </group>
      </list>
      <list name="Shared MEBI module settings" v="1">
        <group name="Operating mode and external bus settings">
          <Boot_operating_mode v="Special Single Chip"/>
          <boolgroup name="Operating mode switching" v="no" />
          <enumgroup name="External bus settings" v="Special Single Chip">
          </enumgroup>
        </group>
      </list>
      <group name="Internal peripherals">
        <list name="Shared BDM module settings" v="1">
          <group name="BDM Debug support">
            <Stop_COP_and_RTI_in_Active_BDM_mode v="no"/>
          </group>
        </list>
        <list name="Shared ECT 16B8C module settings" v="1">
        </list>
        <list name="Shared I/O settings" v="1">
          <group name="I/O module">
            <list name="Shared Unused I/O" v="1">
              <enumgroup name="Initialize unused I/O pins" v="no initialization">
              </enumgroup>
            </list>
            <group name="PORT A">
              <Reduced_drive_for_all_port_A v="no"/>
            </group>
            <group name="PORT B">
              <Reduced_drive_for_all_port_B v="no"/>
            </group>
            <group name="PORT E">
              <Reduced_drive_for_all_port_E v="no"/>
            </group>
            <group name="PORT J">
              <Reduced_drive_for_PJ6 v="no"/>
              <Reduced_drive_for_PJ7 v="no"/>
            </group>
            <group name="PORT M">
              <Reduced_drive_for_PM0 v="no"/>
              <Reduced_drive_for_PM1 v="no"/>
              <Reduced_drive_for_PM2 v="no"/>
              <Reduced_drive_for_PM3 v="no"/>
              <Reduced_drive_for_PM4 v="no"/>
              <Reduced_drive_for_PM5 v="no"/>
            </group>
            <group name="PORT P">
              <Reduced_drive_for_PP0 v="no"/>
              <Reduced_drive_for_PP1 v="no"/>
              <Reduced_drive_for_PP2 v="no"/>
              <Reduced_drive_for_PP3 v="no"/>
              <Reduced_drive_for_PP4 v="no"/>
              <Reduced_drive_for_PP5 v="no"/>
              <Reduced_drive_for_PP7 v="no"/>
            </group>
            <group name="PORT S">
              <Reduced_drive_for_PS0 v="no"/>
              <Reduced_drive_for_PS1 v="no"/>
              <Reduced_drive_for_PS2 v="no"/>
              <Reduced_drive_for_PS3 v="no"/>
            </group>
            <group name="PORT T">
              <Reduced_drive_for_PT0 v="no"/>
              <Reduced_drive_for_PT1 v="no"/>
              <Reduced_drive_for_PT2 v="no"/>
              <Reduced_drive_for_PT3 v="no"/>
              <Reduced_drive_for_PT4 v="no"/>
              <Reduced_drive_for_PT5 v="no"/>
              <Reduced_drive_for_PT6 v="no"/>
              <Reduced_drive_for_PT7 v="no"/>
            </group>
          </group>
        </list>
        <list name="Shared PWM module settings" v="1">
        </list>
      </group>
      <list name="Shared Cpu Interrupts module settings" v="1">
        <group name="CPU interrupts/resets">
          <boolgroup name="Clock monitor reset" v="Disabled" />
          <boolgroup name="IllegalOpcode" v="Disabled" />
          <boolgroup name="SWI" v="Disabled" />
          <boolgroup name="PLL" v="Disabled" />
          <boolgroup name="SCM" v="Disabled" />
        </group>
      </list>
      <list name="Shared speed modes settings" v="1">
        <group name="Enabled speed modes">
          <boolgroup name="High speed mode" v="Enabled">
            <Internal_bus_clock v="8"/>
            <boolgroup name="PLL clock" v="Enabled">
              <Reference_divider v="Auto select"/>
              <PLL_multiplication_factor v="Auto select"/>
              <PLL_clock_frequency v="16"/>
              <PLL_bandwidth_control v="Automatic Bandwidth Control"/>
              <PLL_mode v="Acquisition mode"/>
            </boolgroup>
          </boolgroup>
          <boolgroup name="Low speed mode" v="Disabled" />
          <boolgroup name="Slow speed mode" v="Disabled" />
        </group>
      </list>
    </Properties>

    <Methods>
      <list name="SharedCpuMethods" v="1">
        <SetHighSpeed v="don&apos;t generate code"/>
        <SetLowSpeed v="don&apos;t generate code"/>
        <SetSlowSpeed v="don&apos;t generate code"/>
        <GetSpeedMode v="don&apos;t generate code"/>
        <SetIntVect v="don&apos;t generate code"/>
        <GetIntVect v="don&apos;t generate code"/>
        <EnableInt v="generate code"/>
        <DisableInt v="generate code"/>
        <SetWaitMode v="generate code"/>
        <SetStopMode v="generate code"/>
        <Delay100US v="don&apos;t generate code"/>
        <GetPllLockStatusFlag v="don&apos;t generate code"/>
        <GetResetSource v="don&apos;t generate code"/>
      </list>
    </Methods>

    <Events>
      <Event_module_name v="Events"/>
      <list name="SharedCpuEvents" v="1">
        <event name="OnReset" v="don&apos;t generate code" />
        <event name="OnClockMonitorFail" v="don&apos;t generate code" />
        <event name="OnIllegalOpcode" v="don&apos;t generate code" />
        <event name="OnSwINT" v="don&apos;t generate code" />
        <event name="OnPllLockStatusChanged" v="don&apos;t generate code" />
        <event name="OnSCMChanged" v="don&apos;t generate code" />
      </list>
    </Events>
    <Compiler v="CodeWarrior HC12 C Compiler"/>

    <CompilerProperties>
      <Compiler v="CodeWarrior HC12 C Compiler"/>
      <enumgroup name="Unhandled interrupts" v="One handler for all">
        <Unhandled_int_code>
asm(BGND);
        </Unhandled_int_code>
      </enumgroup>
      <Generate_macros v="yes"/>
      <group name="User initialization">
        <User_data_declarations>
        </User_data_declarations>
        <User_code_before_PE_initialization>
        </User_code_before_PE_initialization>
        <User_code_after_PE_initialization>
        </User_code_after_PE_initialization>
      </group>
      <boolgroup name="Serial monitor support" v="Disabled" />
      <Memory_model v="Banked"/>
      <boolgroup name="Generate PRM file" v="yes">
        <enumgroup name="Stack specification" v="size">
          <Stack_size v="128"/>
        </enumgroup>
        <group name="Memory segments">
          <Set_default_memory_segments v="Click to set default &gt;"/>
          <list name="ROM/RAM segments" v="10">
            <boolgroup name="Segment 0" v="Disabled" />
            <boolgroup name="Segment 1" v="Enabled">
              <Name v="RAM"/>
              <Qualifier v="READ_WRITE"/>
              <Address v="8192"/>
              <Size v="8192"/>
              <boolgroup name="Relocation" v="Disabled" />
              <boolgroup name="Align" v="Disabled" />
              <boolgroup name="Fill pattern" v="Disabled" />
              <Code_overlapping v="overlapping not specified"/>
              <Const_data_overlapping v="overlapping not specified"/>
            </boolgroup>
            <boolgroup name="Segment 2" v="Disabled" />
            <boolgroup name="Segment 3" v="Enabled">
              <Name v="ROM_C000"/>
              <Qualifier v="READ_ONLY"/>
              <Address v="49152"/>
              <Size v="16128"/>
              <boolgroup name="Relocation" v="Disabled" />
              <boolgroup name="Align" v="Disabled" />
              <boolgroup name="Fill pattern" v="Disabled" />
              <Code_overlapping v="overlapping not specified"/>
              <Const_data_overlapping v="overlapping not specified"/>
            </boolgroup>
            <boolgroup name="Segment 4" v="Enabled">
              <Name v="PAGE_38"/>
              <Qualifier v="READ_ONLY"/>
              <Address v="3702784"/>
              <Size v="16384"/>
              <boolgroup name="Relocation" v="Disabled" />
              <boolgroup name="Align" v="Disabled" />
              <boolgroup name="Fill pattern" v="Disabled" />
              <Code_overlapping v="overlapping not specified"/>
              <Const_data_overlapping v="overlapping not specified"/>
            </boolgroup>
            <boolgroup name="Segment 5" v="Enabled">
              <Name v="PAGE_39"/>
              <Qualifier v="READ_ONLY"/>
              <Address v="3768320"/>
              <Size v="16384"/>
              <boolgroup name="Relocation" v="Disabled" />
              <boolgroup name="Align" v="Disabled" />
              <boolgroup name="Fill pattern" v="Disabled" />
              <Code_overlapping v="overlapping not specified"/>
              <Const_data_overlapping v="overlapping not specified"/>
            </boolgroup>
            <boolgroup name="Segment 6" v="Enabled">
              <Name v="PAGE_3A"/>
              <Qualifier v="READ_ONLY"/>
              <Address v="3833856"/>
              <Size v="16384"/>
              <boolgroup name="Relocation" v="Disabled" />
              <boolgroup name="Align" v="Disabled" />
              <boolgroup name="Fill pattern" v="Disabled" />
              <Code_overlapping v="overlapping not specified"/>
              <Const_data_overlapping v="overlapping not specified"/>
            </boolgroup>
            <boolgroup name="Segment 7" v="Enabled">
              <Name v="PAGE_3B"/>
              <Qualifier v="READ_ONLY"/>
              <Address v="3899392"/>
              <Size v="16384"/>
              <boolgroup name="Relocation" v="Disabled" />
              <boolgroup name="Align" v="Disabled" />
              <boolgroup name="Fill pattern" v="Disabled" />
              <Code_overlapping v="overlapping not specified"/>
              <Const_data_overlapping v="overlapping not specified"/>
            </boolgroup>
            <boolgroup name="Segment 8" v="Enabled">
              <Name v="PAGE_3C"/>
              <Qualifier v="READ_ONLY"/>
              <Address v="3964928"/>
              <Size v="16384"/>
              <boolgroup name="Relocation" v="Disabled" />
              <boolgroup name="Align" v="Disabled" />
              <boolgroup name="Fill pattern" v="Disabled" />
              <Code_overlapping v="overlapping not specified"/>
              <Const_data_overlapping v="overlapping not specified"/>
            </boolgroup>
            <boolgroup name="Segment 9" v="Enabled">
              <Name v="PAGE_3D"/>
              <Qualifier v="READ_ONLY"/>
              <Address v="4030464"/>
              <Size v="16384"/>
              <boolgroup name="Relocation" v="Disabled" />
              <boolgroup name="Align" v="Disabled" />
              <boolgroup name="Fill pattern" v="Disabled" />
              <Code_overlapping v="overlapping not specified"/>
              <Const_data_overlapping v="overlapping not specified"/>
            </boolgroup>
          </list>
        </group>
        <list name="C_ImportUserPlacement" v="1">
          <boolgroup name="Customize placement" v="Disabled" />
        </list>
      </boolgroup>
    </CompilerProperties>
  </CPU_Bean>

  <CPU_Bean name="Cpu112" type="MC9S12DG128_112">
    <Enabled v="Y"/>

    <Properties>
      <Bean_name v="Cpu112"/>
      <CPU_type v="MC9S12DG128BCPV"/>
      <list name="Shared CRG module settings" v="1">
        <group name="Clock settings">
          <group name="Input clock">
            <Clock_type v="External clock source"/>
            <Clock_frequency__MHz_ v="16"/>
            <group name="Clock input pin">
              <Pin v="EXTAL"/>
              <Pin_signal v=""/>
            </group>
            <group name="Clock output pin">
              <Pin v="XTAL"/>
              <Pin_signal v=""/>
            </group>
          </group>
          <group name="Output clock">
            <boolgroup name="External clock" v="Enabled">
              <ECLK_pin v="PE4_ECLK"/>
              <ECLK_pin_signal v=""/>
            </boolgroup>
          </group>
          <group name="Low-power modes settings">
            <Pseudo_stop v="no"/>
            <System_clocks_stop_in_wait_mode v="no"/>
            <Reduced_oscillator_amplitude_in_wait_mode v="no"/>
            <Core_stops_in_wait_mode v="no"/>
            <PLL_stops_in_wait_mode v="no"/>
          </group>
          <Clock_monitor v="Enter Self clock mode"/>
        </group>
      </list>
      <Initialization_priority v="interrupts enabled"/>
      <list name="Shared Internal Resource Mapping With EEPROM" v="1">
        <group name="Internal resource mapping">
          <Register_block_mapping v="$0000"/>
          <Internal_RAM_mapping v="$2000"/>
          <boolgroup name="Internal EEPROM" v="Enabled">
            <Internal_EEPROM_mapping v="$1800"/>
          </boolgroup>
          <boolgroup name="Internal FLASH" v="yes">
            <Half_memory_only v="no"/>
          </boolgroup>
          <group name="Interrupt vector table">
            <Address v="65408"/>
            <Size v="128"/>
          </group>
        </group>
      </list>
      <list name="Shared MEBI module settings" v="1">
        <group name="Operating mode and external bus settings">
          <Boot_operating_mode v="Special Single Chip"/>
          <boolgroup name="Operating mode switching" v="no" />
          <enumgroup name="External bus settings" v="Special Single Chip">
          </enumgroup>
        </group>
      </list>
      <group name="Internal peripherals">
        <list name="Shared BDM module settings" v="1">
          <group name="BDM Debug support">
            <Stop_COP_and_RTI_in_Active_BDM_mode v="no"/>
          </group>
        </list>
        <list name="Shared ECT 16B8C module settings" v="1">
        </list>
        <list name="Shared I/O settings" v="1">
          <group name="I/O module">
            <list name="Shared Unused I/O" v="1">
              <enumgroup name="Initialize unused I/O pins" v="no initialization">
              </enumgroup>
            </list>
            <group name="PORT A">
              <Reduced_drive_for_all_port_A v="no"/>
            </group>
            <group name="PORT B">
              <Reduced_drive_for_all_port_B v="no"/>
            </group>
            <group name="PORT E">
              <Reduced_drive_for_all_port_E v="no"/>
            </group>
            <group name="PORT H">
              <Reduced_drive_for_PH0 v="no"/>
              <Reduced_drive_for_PH1 v="no"/>
              <Reduced_drive_for_PH2 v="no"/>
              <Reduced_drive_for_PH3 v="no"/>
              <Reduced_drive_for_PH4 v="no"/>
              <Reduced_drive_for_PH5 v="no"/>
              <Reduced_drive_for_PH6 v="no"/>
              <Reduced_drive_for_PH7 v="no"/>
            </group>
            <group name="PORT J">
              <Reduced_drive_for_PJ0 v="no"/>
              <Reduced_drive_for_PJ1 v="no"/>
              <Reduced_drive_for_PJ6 v="no"/>
              <Reduced_drive_for_PJ7 v="no"/>
            </group>
            <group name="PORT K">
              <Reduced_drive_for_all_port_K v="no"/>
            </group>
            <group name="PORT M">
              <Reduced_drive_for_PM0 v="no"/>
              <Reduced_drive_for_PM1 v="no"/>
              <Reduced_drive_for_PM2 v="no"/>
              <Reduced_drive_for_PM3 v="no"/>
              <Reduced_drive_for_PM4 v="no"/>
              <Reduced_drive_for_PM5 v="no"/>
              <Reduced_drive_for_PM6 v="no"/>
              <Reduced_drive_for_PM7 v="no"/>
            </group>
            <group name="PORT P">
              <Reduced_drive_for_PP0 v="no"/>
              <Reduced_drive_for_PP1 v="no"/>
              <Reduced_drive_for_PP2 v="no"/>
              <Reduced_drive_for_PP3 v="no"/>
              <Reduced_drive_for_PP4 v="no"/>
              <Reduced_drive_for_PP5 v="no"/>
              <Reduced_drive_for_PP6 v="no"/>
              <Reduced_drive_for_PP7 v="no"/>
            </group>
            <group name="PORT S">
              <Reduced_drive_for_PS0 v="no"/>
              <Reduced_drive_for_PS1 v="no"/>
              <Reduced_drive_for_PS2 v="no"/>
              <Reduced_drive_for_PS3 v="no"/>
              <Reduced_drive_for_PS4 v="no"/>
              <Reduced_drive_for_PS5 v="no"/>
              <Reduced_drive_for_PS6 v="no"/>
              <Reduced_drive_for_PS7 v="no"/>
            </group>
            <group name="PORT T">
              <Reduced_drive_for_PT0 v="no"/>
              <Reduced_drive_for_PT1 v="no"/>
              <Reduced_drive_for_PT2 v="no"/>
              <Reduced_drive_for_PT3 v="no"/>
              <Reduced_drive_for_PT4 v="no"/>
              <Reduced_drive_for_PT5 v="no"/>
              <Reduced_drive_for_PT6 v="no"/>
              <Reduced_drive_for_PT7 v="no"/>
            </group>
          </group>
        </list>
        <list name="Shared PWM module settings" v="1">
        </list>
      </group>
      <list name="Shared Cpu Interrupts module settings" v="1">
        <group name="CPU interrupts/resets">
          <boolgroup name="Clock monitor reset" v="Disabled" />
          <boolgroup name="IllegalOpcode" v="Disabled" />
          <boolgroup name="SWI" v="Disabled" />
          <boolgroup name="PLL" v="Disabled" />
          <boolgroup name="SCM" v="Disabled" />
        </group>
      </list>
      <list name="Shared speed modes settings" v="1">
        <group name="Enabled speed modes">
          <boolgroup name="High speed mode" v="Enabled">
            <Internal_bus_clock v="40"/>
            <boolgroup name="PLL clock" v="Enabled">
              <Reference_divider v="2"/>
              <PLL_multiplication_factor v="5"/>
              <PLL_clock_frequency v="80"/>
              <PLL_bandwidth_control v="Automatic Bandwidth Control"/>
              <PLL_mode v="Acquisition mode"/>
            </boolgroup>
          </boolgroup>
          <boolgroup name="Low speed mode" v="Disabled" />
          <boolgroup name="Slow speed mode" v="Disabled" />
        </group>
      </list>
    </Properties>

    <Methods>
      <list name="SharedCpuMethods" v="1">
        <SetHighSpeed v="don&apos;t generate code"/>
        <SetLowSpeed v="don&apos;t generate code"/>
        <SetSlowSpeed v="don&apos;t generate code"/>
        <GetSpeedMode v="don&apos;t generate code"/>
        <SetIntVect v="don&apos;t generate code"/>
        <GetIntVect v="don&apos;t generate code"/>
        <EnableInt v="generate code"/>
        <DisableInt v="generate code"/>
        <SetWaitMode v="generate code"/>
        <SetStopMode v="generate code"/>
        <Delay100US v="don&apos;t generate code"/>
        <GetPllLockStatusFlag v="don&apos;t generate code"/>
        <GetResetSource v="don&apos;t generate code"/>
      </list>
    </Methods>

    <Events>
      <Event_module_name v="Events"/>
      <list name="SharedCpuEvents" v="1">
        <event name="OnReset" v="don&apos;t generate code" />
        <event name="OnClockMonitorFail" v="don&apos;t generate code" />
        <event name="OnIllegalOpcode" v="don&apos;t generate code" />
        <event name="OnSwINT" v="don&apos;t generate code" />
        <event name="OnPllLockStatusChanged" v="don&apos;t generate code" />
        <event name="OnSCMChanged" v="don&apos;t generate code" />
      </list>
    </Events>
    <Compiler v="CodeWarrior HC12 C Compiler"/>

    <CompilerProperties>
      <Compiler v="CodeWarrior HC12 C Compiler"/>
      <enumgroup name="Unhandled interrupts" v="One handler for all">
        <Unhandled_int_code>
asm(BGND);
        </Unhandled_int_code>
      </enumgroup>
      <Generate_macros v="yes"/>
      <group name="User initialization">
        <User_data_declarations>
        </User_data_declarations>
        <User_code_before_PE_initialization>
        </User_code_before_PE_initialization>
        <User_code_after_PE_initialization>
        </User_code_after_PE_initialization>
      </group>
      <boolgroup name="Serial monitor support" v="Disabled" />
      <Memory_model v="Banked"/>
      <boolgroup name="Generate PRM file" v="yes">
        <enumgroup name="Stack specification" v="size">
          <Stack_size v="128"/>
        </enumgroup>
        <group name="Memory segments">
          <Set_default_memory_segments v="Click to set default &gt;"/>
          <list name="ROM/RAM segments" v="10">
            <boolgroup name="Segment 0" v="Disabled" />
            <boolgroup name="Segment 1" v="Enabled">
              <Name v="RAM"/>
              <Qualifier v="READ_WRITE"/>
              <Address v="8192"/>
              <Size v="8192"/>
              <boolgroup name="Relocation" v="Disabled" />
              <boolgroup name="Align" v="Disabled" />
              <boolgroup name="Fill pattern" v="Disabled" />
              <Code_overlapping v="overlapping not specified"/>
              <Const_data_overlapping v="overlapping not specified"/>
            </boolgroup>
            <boolgroup name="Segment 2" v="Disabled" />
            <boolgroup name="Segment 3" v="Enabled">
              <Name v="ROM_C000"/>
              <Qualifier v="READ_ONLY"/>
              <Address v="49152"/>
              <Size v="16128"/>
              <boolgroup name="Relocation" v="Disabled" />
              <boolgroup name="Align" v="Disabled" />
              <boolgroup name="Fill pattern" v="Disabled" />
              <Code_overlapping v="overlapping not specified"/>
              <Const_data_overlapping v="overlapping not specified"/>
            </boolgroup>
            <boolgroup name="Segment 4" v="Enabled">
              <Name v="PAGE_38"/>
              <Qualifier v="READ_ONLY"/>
              <Address v="3702784"/>
              <Size v="16384"/>
              <boolgroup name="Relocation" v="Disabled" />
              <boolgroup name="Align" v="Disabled" />
              <boolgroup name="Fill pattern" v="Disabled" />
              <Code_overlapping v="overlapping not specified"/>
              <Const_data_overlapping v="overlapping not specified"/>
            </boolgroup>
            <boolgroup name="Segment 5" v="Enabled">
              <Name v="PAGE_39"/>
              <Qualifier v="READ_ONLY"/>
              <Address v="3768320"/>
              <Size v="16384"/>
              <boolgroup name="Relocation" v="Disabled" />
              <boolgroup name="Align" v="Disabled" />
              <boolgroup name="Fill pattern" v="Disabled" />
              <Code_overlapping v="overlapping not specified"/>
              <Const_data_overlapping v="overlapping not specified"/>
            </boolgroup>
            <boolgroup name="Segment 6" v="Enabled">
              <Name v="PAGE_3A"/>
              <Qualifier v="READ_ONLY"/>
              <Address v="3833856"/>
              <Size v="16384"/>
              <boolgroup name="Relocation" v="Disabled" />
              <boolgroup name="Align" v="Disabled" />
              <boolgroup name="Fill pattern" v="Disabled" />
              <Code_overlapping v="overlapping not specified"/>
              <Const_data_overlapping v="overlapping not specified"/>
            </boolgroup>
            <boolgroup name="Segment 7" v="Enabled">
              <Name v="PAGE_3B"/>
              <Qualifier v="READ_ONLY"/>
              <Address v="3899392"/>
              <Size v="16384"/>
              <boolgroup name="Relocation" v="Disabled" />
              <boolgroup name="Align" v="Disabled" />
              <boolgroup name="Fill pattern" v="Disabled" />
              <Code_overlapping v="overlapping not specified"/>
              <Const_data_overlapping v="overlapping not specified"/>
            </boolgroup>
            <boolgroup name="Segment 8" v="Enabled">
              <Name v="PAGE_3C"/>
              <Qualifier v="READ_ONLY"/>
              <Address v="3964928"/>
              <Size v="16384"/>
              <boolgroup name="Relocation" v="Disabled" />
              <boolgroup name="Align" v="Disabled" />
              <boolgroup name="Fill pattern" v="Disabled" />
              <Code_overlapping v="overlapping not specified"/>
              <Const_data_overlapping v="overlapping not specified"/>
            </boolgroup>
            <boolgroup name="Segment 9" v="Enabled">
              <Name v="PAGE_3D"/>
              <Qualifier v="READ_ONLY"/>
              <Address v="4030464"/>
              <Size v="16384"/>
              <boolgroup name="Relocation" v="Disabled" />
              <boolgroup name="Align" v="Disabled" />
              <boolgroup name="Fill pattern" v="Disabled" />
              <Code_overlapping v="overlapping not specified"/>
              <Const_data_overlapping v="overlapping not specified"/>
            </boolgroup>
          </list>
        </group>
        <list name="C_ImportUserPlacement" v="1">
          <boolgroup name="Customize placement" v="Disabled" />
        </list>
      </boolgroup>
    </CompilerProperties>
  </CPU_Bean>

</PE_PROJECT_SETTINGS_DOCUMENTATION>
